No,JenisBahanBakar,MassaJenisUdara(kg/m3),Suhu(K),Tekanan(atm),HasilUjiEmisiCO(ppm),AFR(g/g),KonsentrasiCOdiUdara(g/m3),BesaranEmisiCO(g/kg)
1,Pertalite,1.293,302,0.9948,20000,13.9,22.458,241.424
2,Pertalite,1.293,305,1.0047,48200,13.2,54.176,553.071
3,Pertalite,1.293,297,1.0096,3600,22.4,4.174,72.317
4,Pertalite,1.293,300,0.9968,2800,17.9,3.171,43.903
5,Pertalite,1.293,301,0.9988,48500,14.2,54.858,602.457
6,Pertalite,1.293,304,1.0067,54000,13.9,60.974,655.484
7,Pertalite,1.293,305,0.9948,98900,12.0,109.961,1020.523
8,Pertalite,1.293,302,0.9948,54800,13.0,61.534,618.672
9,Pertalite,1.293,303,0.9919,34500,13.3,38.497,395.984
10,Pertalite,1.293,298,0.9938,99900,11.3,113.568,992.515
11,Pertalite,1.293,303,0.9938,62400,12.3,69.768,663.682
12,Pertalite,1.293,305,0.9948,1000,17.5,1.112,15.048
13,Pertalite,1.293,305,0.9948,23600,19.5,26.240,395.724
14,Pertalite,1.293,305,0.9928,8700,15.2,9.654,113.487
15,Pertalite,1.293,300,0.9909,3000,18.1,3.378,47.282
16,Pertalite,1.293,304,1.0037,10700,16.7,12.058,155.741
17,Pertalite,1.293,301,1.0076,2400,18.5,2.742,39.238
18,Pertalite,1.293,304,0.9958,93700,11.2,104.833,908.065
19,Pertalite,1.293,304,0.9919,68400,12.3,76.073,723.665
20,Pertalite,1.293,302,0.9938,6500,15.0,7.292,84.588
21,Pertalite,1.293,303,1.0057,35900,14.7,40.671,462.381
22,Pertalite,1.293,299,0.9948,47300,13.3,53.645,551.801
23,Pertalite,1.293,300,0.9958,3700,17.6,4.187,56.986
24,Pertalite,1.293,303,1.0057,64800,13.6,73.411,772.151
25,Pertalite,1.293,300,1.0067,37200,14.6,42.635,481.421
26,Pertalite,1.293,302,1.0067,72000,15.6,81.810,987.036
27,Pertalite,1.293,301,1.0106,68300,14.3,78.143,864.227
28,Pertalite,1.293,305,1.0057,79200,13.8,89.136,951.334
29,Pertalite,1.293,303,0.9948,87700,11.6,98.152,880.560
30,Pertalite,1.293,302,1.0057,80100,14.0,91.075,986.120
31,Pertalite,1.293,299,1.0076,55500,14.1,63.821,695.958
32,Pertalite,1.293,305,0.9958,5100,15.4,5.676,67.603
33,Pertalite,1.293,304,0.9958,4800,15.5,5.370,64.377
34,Pertalite,1.293,303,0.9938,4600,14.7,5.143,58.472
35,Pertalite,1.293,302,1.0057,6800,14.6,7.724,87.217
36,Pertalite,1.293,302,1.0057,7600,14.8,8.633,98.813
37,Pertalite,1.293,303,0.9899,5400,14.7,6.014,68.368
38,Pertalite,1.293,302,0.9948,2300,18.6,2.583,37.152
39,Pertalite,1.293,302,0.9938,21900,15.9,24.567,302.097
40,Pertalite,1.293,300,0.9909,6100,14.7,6.868,78.080
41,Pertalite,1.293,303,0.9948,6200,15.1,6.939,81.034
42,Pertalite,1.293,304,0.9899,7900,14.6,8.769,99.013
43,Pertalite,1.293,301,1.0057,37900,13.2,43.122,440.221
44,Pertalite,1.293,301,1.0057,2700,20.0,3.072,47.517
45,Pertalite,1.293,304,1.0037,25800,13.7,29.075,308.066
46,Pertalite,1.293,303,0.9948,16000,14.3,17.907,198.042
47,Pertalite,1.293,302,1.0086,6100,14.8,6.940,79.438
48,Pertalite,1.293,300,1.0076,86400,11.5,98.890,879.534
49,Pertalite,1.293,303,0.9948,1300,11.7,1.455,13.165
50,Pertalite,1.293,305,0.9958,5300,15.5,5.899,70.710
51,Pertalite,1.293,303,0.9958,5200,15.3,5.826,68.933
52,Pertalite,1.293,305,0.9928,7300,15.6,8.100,97.731
53,Pertalite,1.293,301,1.0086,5900,14.7,6.735,76.568
54,Pertalite,1.293,301,1.0067,5800,14.7,6.625,75.323
55,Pertalite,1.293,302,0.9919,9600,14.4,10.748,119.695
56,Pertalite,1.293,303,0.9938,5500,16.2,6.149,77.046
57,Pertalite,1.293,303,0.9899,7700,15.0,8.575,99.477
58,Pertalite,1.293,303,0.9899,53500,12.6,59.579,580.585
59,Pertalite,1.293,304,0.9899,13700,14.3,15.207,168.178
60,Pertalite,1.293,304,0.9988,2200,18.9,2.464,36.014
61,Pertalite,1.293,304,0.9988,87000,11.4,97.434,859.043
62,Pertalite,1.293,303,1.0076,473.88264,14.8,0.537,6.147
63,Pertalite,1.293,301,0.9988,16100,14.1,18.210,198.582
64,Pertalite,1.293,302,0.9988,30200,13.5,34.046,355.465
65,Pertalite,1.293,300,0.9958,6100,14.7,6.902,78.469
66,Pertalite,1.293,305,1.0047,7200,14.7,8.093,92.005
67,Pertalite,1.293,301,1.0067,44900,16.7,51.272,662.217
68,Pertalite,1.293,302,0.9968,66500,12.3,74.820,711.744
69,Pertalite,1.293,301,1.0076,4500,17.4,5.142,69.196
70,Pertalite,1.293,301,1.0076,4500,17.3,5.142,68.798
71,Pertalite,1.293,301,1.0086,8700,14.8,9.944,113.825
72,Pertalite,1.293,303,1.0067,47900,13.0,54.211,545.046
73,Pertalite,1.293,302,1.0076,6900,18.2,7.840,110.355
74,Pertalite,1.293,302,1.0067,9600,16.7,10.908,140.885
75,Pertalite,1.293,302,1.0096,10800,14.9,12.320,141.969
76,Pertalite,1.293,303,1.0096,58100,13.9,66.079,710.364
77,Pertalite,1.293,305,1.0057,25400,18.0,28.587,397.956
78,Pertalite,1.293,305,1.0057,10600,15.0,11.930,138.397
79,Pertalite,1.293,302,1.0057,5700,14.7,6.475,73.609
80,Pertalite,1.293,303,0.9909,5300,14.7,5.908,67.169
81,Pertalite,1.293,301,1.0057,88700,11.2,100.920,874.176
82,Pertalite,1.293,301,1.0057,90400,11.3,102.855,898.885
83,Pertalite,1.293,300,0.9968,17600,14.1,19.934,217.377
84,Pertalite,1.293,303,0.9948,16400,14.2,18.355,201.574
85,Pertalite,1.293,303,1.0076,27000,13.6,30.597,321.830
86,Pertalite,1.293,301,0.9968,84800,11.6,95.726,858.797
87,Pertalite,1.293,301,0.9988,13000,14.4,14.704,163.758
88,Pertalite,1.293,301,1.0057,40900,13.1,46.581,471.937
89,Pertalite,1.293,301,1.0067,4500,17.0,5.139,67.561
90,Pertalite,1.293,299,0.9948,1500,14.9,1.701,19.604
91,Pertalite,1.293,302,0.9948,2400,15.9,2.695,33.139
92,Pertalite,1.293,300,0.9978,6900,16.0,7.823,96.801
93,Pertalite,1.293,303,0.9958,80900,11.8,90.631,827.108
94,Pertalite,1.293,301,1.0086,15300,14.3,17.488,193.412
95,Pertalite,1.293,303,0.9988,4100,19.7,4.613,70.282
96,Pertalite,1.293,302,1.0057,3000,15.0,3.411,39.571
97,Pertalite,1.293,300,1.0067,82200,11.6,94.211,845.199
98,Pertalite,1.293,300,1.0067,37300,14.0,42.750,462.877
99,Pertalite,1.293,299,1.0076,1800,15.6,2.070,24.973
100,Pertalite,1.293,301,1.0106,7200,14.7,8.238,93.653
101,Pertalite,1.293,304,1.0067,3800,15.1,4.285,50.043
102,Pertalite,1.293,305,1.0057,58100,14.8,65.432,748.948
103,Pertalite,1.293,301,1.0057,7300,19.5,8.309,125.302
104,Pertalite,1.293,305,1.0086,2900,14.8,3.267,37.395
105,Pertalite,1.293,303,0.9948,1800,16.3,2.015,25.396
106,Pertalite,1.293,304,0.9919,6800,16.8,7.563,98.264
107,Pertalite,1.293,302,0.9948,7600,14.7,8.534,97.021
108,Pertalite,1.293,302,0.9988,34400,13.5,38.780,404.901
109,Pertalite,1.293,303,0.9899,46400,12.9,51.672,515.525
110,Pertalite,1.293,303,0.9899,33000,15.8,36.750,449.069
111,Pertalite,1.293,304,1.0037,100000,10.6,112.694,923.866
112,Pertalite,1.293,299,0.9948,37100,14.3,42.077,465.350
113,Pertalite,1.293,301,0.9988,6600,14.8,7.465,85.448
114,Pertalite,1.293,304,0.9958,100000,10.9,111.661,941.300
115,Pertalite,1.293,304,0.9958,12900,14.6,14.404,162.646
116,Pertalite,1.293,301,0.9968,45900,13.3,51.814,532.968
117,Pertalite,1.293,301,0.9958,6500,15.0,7.330,85.038
118,Pertalite,1.293,303,1.0057,13300,15.6,15.067,181.788
119,Pertalite,1.293,302,1.0076,57100,12.7,64.879,637.251
120,Pertalite,1.293,300,1.0076,11400,15.1,13.048,152.378
121,Pertalite,1.293,302,1.0076,66800,12.3,76.052,723.460
122,Pertalite,1.293,299,1.0086,27800,13.7,31.967,338.708
123,Pertalite,1.293,299,1.0076,2800,20.1,3.220,50.052
124,Pertalite,1.293,302,1.0076,100,17.8,0.114,1.565
125,Pertalite,1.293,299,1.0076,8200,14.8,9.414,107.751
126,Pertalite,1.293,303,1.0096,8800,17.7,10.009,137.008
127,Pertalite,1.293,305,1.0057,4300,15.7,4.843,58.801
128,Pertalite,1.293,301,1.0057,70600,12.3,80.353,764.383
129,Pertalite,1.293,303,0.9948,3000,16.7,3.358,43.365
130,Pertalite,1.293,302,0.9938,25400,14.4,28.493,317.323
131,Pertalite,1.293,303,0.9958,7500,14.9,8.402,96.823
132,Pertalite,1.293,304,0.9919,7300,14.9,8.119,93.559
133,Pertalite,1.293,301,1.0057,1100,14.5,1.252,14.035
134,Pertalite,1.293,300,0.9968,5700,14.5,6.456,72.398
135,Pertalite,1.293,302,0.9968,29800,13.4,33.528,347.471
136,Pertalite,1.293,302,0.9968,21200,13.9,23.852,256.418
137,Pertalite,1.293,302,0.9988,6600,14.5,7.440,83.439
138,Pertalite,1.293,302,0.9958,400,14.6,0.450,5.077
139,Pertalite,1.293,304,0.9958,700,14.6,0.782,8.826
140,Pertalite,1.293,300,0.9978,43300,13.1,49.091,497.359
141,Pertalite,1.293,302,0.9988,58400,12.6,65.837,641.563
142,Pertalite,1.293,301,0.9958,6100,14.9,6.879,79.273
143,Pertalite,1.293,302,1.0076,2900,15.2,3.304,38.838
144,Pertalite,1.293,302,1.0076,48100,12.9,54.762,546.346
145,Pertalite,1.293,304,1.0057,400,14.5,0.452,5.067
146,Pertalite,1.293,299,1.0086,78600,11.9,90.382,831.821
147,Pertalite,1.293,300,1.0067,23800,13.9,27.278,293.238
148,Pertalite,1.293,297,1.0096,500,18.7,0.580,8.385
149,Pertalite,1.293,302,1.0076,15100,18.8,17.163,249.545
150,Pertalite,1.293,301,1.0106,3000,16.2,3.432,43.004
151,Pertalite,1.293,304,1.0067,13600,14.7,15.382,174.874
152,Pertalite,1.293,303,1.0057,5000,15.1,5.651,65.998
153,Pertalite,1.293,303,1.0076,48000,12.9,54.360,542.335
154,Pertalite,1.293,302,0.9938,4800,18.2,5.384,75.791
155,Pertalite,1.293,300,0.9938,8300,14.9,9.373,108.007
156,Pertalite,1.293,303,0.9899,15800,19.3,17.595,262.637
157,Pertalite,1.293,303,0.9899,13000,15.9,14.477,178.025
158,Pertalite,1.293,300,0.9968,6300,14.3,7.135,78.915
159,Pertalite,1.293,302,0.9968,6200,14.7,6.976,79.306
160,Pertalite,1.293,302,0.9988,14900,14.3,16.797,185.771
161,Pertalite,1.293,304,1.0037,10600,14.5,11.946,133.961
162,Pertalite,1.293,304,1.0037,31800,13.5,35.837,374.166
163,Pertalite,1.293,303,0.9948,5500,15.4,6.155,73.314
164,Pertalite,1.293,303,1.0076,43800,13.1,49.636,502.885
165,Pertalite,1.293,302,0.9968,43700,13.0,49.167,494.336
166,Pertalite,1.293,300,0.9968,8100,14.7,9.174,104.300
167,Pertalite,1.293,299,0.9948,8300,13.9,9.413,101.196
168,Pertalite,1.293,299,0.9948,3500,16.7,3.970,51.269
169,Pertalite,1.293,301,1.0057,5700,15.8,6.492,79.327
170,Pertalite,1.293,302,0.9938,400,21.3,0.449,7.392
171,Pertalite,1.293,302,0.9938,9500,15.7,10.657,129.398
172,Pertalite,1.293,299,0.9948,10100,14.7,11.455,130.229
173,Pertalite,1.293,300,0.9968,26000,15.2,29.448,346.177
174,Pertalite,1.293,302,0.9988,29300,13.6,33.031,347.426
175,Pertalite,1.293,302,0.9988,8800,14.7,9.921,112.786
176,Pertalite,1.293,301,0.9968,12100,14.4,13.659,152.119
177,Pertalite,1.293,302,1.0076,8600,14.7,9.798,111.388
178,Pertalite,1.293,302,1.0057,21000,14.2,23.877,262.227
179,Pertalite,1.293,303,0.9958,31100,14.9,34.841,401.494
180,Pertalite,1.293,303,1.0057,76600,12.0,86.779,805.375
181,Pertalite,1.293,301,1.0076,3100,14.7,3.542,40.271
182,Pertalite,1.293,301,1.0086,5200,14.9,5.944,68.493
183,Pertalite,1.293,303,1.0067,67000,12.3,75.828,721.331
184,Pertalite,1.293,304,1.0057,17700,15.2,19.993,235.026
185,Pertalite,1.293,300,1.0067,2200,16.0,2.521,31.201
186,Pertalite,1.293,300,1.0067,1400,14.3,1.605,17.746
187,Pertalite,1.293,297,1.0096,17900,14.3,20.756,229.551
188,Pertalite,1.293,297,1.0096,7200,14.7,8.349,94.916
189,Pertalite,1.293,302,1.0076,8700,15.2,9.889,116.246
190,Pertalite,1.293,302,1.0076,28700,13.7,32.621,345.634
191,Pertalite,1.293,302,1.0067,50800,12.9,57.722,575.876
192,Pertalite,1.293,299,1.0076,5400,15.5,6.199,74.314
193,Pertalite,1.293,303,1.0096,8800,15.0,10.002,116.032
194,Pertalite,1.293,303,1.0096,9700,17.9,11.025,152.626
195,Pertalite,1.293,303,1.0096,26800,13.8,30.460,325.100
196,Pertalite,1.293,304,1.0067,12000,24.3,13.550,254.648
197,Pertalite,1.293,303,1.0096,13500,15.1,15.354,179.308
198,Pertalite,1.293,305,1.0057,32300,13.5,36.352,379.547
199,Pertalite,1.293,305,1.0057,2000,25.4,2.252,44.246
200,Pertalite,1.293,302,1.0086,6400,14.7,7.281,82.782
201,Pertalite,1.293,303,0.9948,8600,15.0,9.625,111.658
202,Pertalite,1.293,303,1.0067,4100,15.7,4.640,56.343
203,Pertalite,1.293,300,1.0076,11700,14.5,13.391,150.174
204,Pertalite,1.293,302,1.0076,16900,14.3,19.241,212.792
205,Pertalite,1.293,299,1.0086,12200,15.9,14.029,172.511
206,Pertalite,1.293,301,1.0057,6000,14.7,6.829,77.637
207,Pertalite,1.293,303,1.0076,31600,14.4,35.881,399.607
208,Pertalite,1.293,303,1.0076,5600,17.5,6.359,86.062
209,Pertalite,1.293,302,1.0096,26400,13.7,30.115,319.086
210,Pertalite,1.293,303,0.9948,61000,16.1,68.270,850.074
211,Pertalite,1.293,302,1.0067,24000,14.1,27.270,297.376
212,Pertalite,1.293,299,1.0076,76000,22.1,87.394,1493.746
213,Pertalite,1.293,303,0.9948,59100,22.1,66.144,1130.527
214,Pertalite,1.293,304,0.9899,39700,21.8,44.066,742.948
215,Pertalite,1.293,302,0.9958,58700,22.1,65.979,1127.710
216,Pertalite,1.293,305,0.9928,95900,11.0,106.414,905.303
217,Pertalite,1.293,297,0.9928,16400,14.3,18.688,206.681
218,Pertalite,1.293,304,0.9968,50700,19.8,56.668,867.771
219,Pertalite,1.293,301,1.0057,40700,17.1,46.307,612.418
220,Pertalite,1.293,302,0.9948,54500,20.1,61.197,951.325
221,Pertalite,1.293,301,1.0086,100000,11.5,114.302,1016.606
222,Pertalite,1.293,303,0.9988,91600,11.7,103.060,932.558
223,Pertalite,1.293,304,1.0057,44000,21.9,49.699,841.775
224,Pertalite,1.293,303,0.9948,5200,17.2,5.820,77.416
225,Pertalite,1.293,307,0.9919,42400,20.5,46.696,740.344
226,Pertalite,1.293,299,0.9938,4700,16.0,5.325,65.896
227,Pertalite,1.293,299,1.0076,51000,20.9,58.646,947.954
228,Pertalite,1.293,305,0.9938,16200,22.7,17.994,315.904
229,Pertalite,1.293,301,1.0057,44400,21.6,50.517,843.906
230,Pertalite,1.293,304,0.9919,30500,20.7,33.921,543.059
231,Pertalite,1.293,302,0.9988,30400,21.2,34.271,561.909
232,Pertalite,1.293,300,1.0076,50300,21.1,57.571,939.488
233,Pertalite,1.293,299,1.0076,24100,24.7,27.667,528.517
234,Pertalite,1.293,299,1.0086,78300,21.9,90.037,1524.987
235,Pertalite,1.293,301,1.0057,49900,21.9,56.831,962.574
236,Pertalite,1.293,299,0.9938,40600,21.6,46.001,768.455
237,Pertalite,1.293,302,1.0057,13400,20.0,15.206,235.202
238,Pertalite,1.293,302,0.9968,24200,16.1,27.228,339.030
239,Pertalite,1.293,302,1.0076,13700,16.9,15.608,203.999
240,Pertalite,1.293,303,1.0057,37400,21.4,42.314,700.326
241,Pertalite,1.293,304,1.0067,17600,17.3,19.873,265.896
242,Pertalite,1.293,304,1.0067,33300,18.2,37.663,530.132
243,Pertalite,1.293,303,1.0076,51000,21.4,57.757,955.918
244,Pertalite,1.293,305,1.0057,20200,17.3,22.749,304.377
245,Pertalite,1.293,306,0.9909,52100,22.8,57.509,1014.076
246,Pertalite,1.293,304,0.9919,39200,14.7,43.597,495.656
247,Pertalite,1.293,302,1.0057,32900,23.5,37.408,679.881
248,Pertalite,1.293,302,1.0027,16000,27.4,18.109,383.743
249,Pertalite,1.293,305,1.0047,25600,26.5,28.774,589.720
250,Pertalite,1.293,301,0.9968,56900,15.7,64.231,779.918
251,Pertalite,1.293,301,1.0076,34200,18.0,39.079,544.023
252,Pertalite,1.293,302,1.0057,11100,29.3,12.621,285.996
253,Pertalite,1.293,302,1.0096,4700,20.0,5.361,82.930
254,Pertalite,1.293,303,1.0057,3000,24.6,3.391,64.512
255,Pertalite,1.293,303,0.9948,25200,23.5,28.203,512.589
256,Pertalite,1.293,303,0.9958,100000,11.0,112.029,953.070
257,Pertalite,1.293,302,0.9988,28800,15.5,32.467,389.207
258,Pertalite,1.293,303,1.0076,56700,16.4,64.255,814.986
259,Pertalite,1.293,300,0.9968,60000,15.4,67.957,809.382
260,Pertalite,1.293,302,0.9968,9600,25.4,10.801,212.179
261,Pertalite,1.293,299,1.0076,21500,20.6,24.723,393.891
262,Pertalite,1.293,303,0.9948,33100,20.1,37.045,575.871
263,Pertalite,1.293,304,0.9919,69500,16.0,77.297,956.492
264,Pertalite,1.293,302,1.0057,2000,25.4,2.274,44.672
265,Pertalite,1.293,303,0.9958,83600,14.0,93.656,1014.066
266,Pertalite,1.293,304,1.0037,31500,22.2,35.499,609.490
267,Pertalite,1.293,303,1.0076,31800,18.5,36.037,515.611
268,Pertalite,1.293,303,1.0057,61300,13.7,69.446,735.816
269,Pertalite,1.293,302,0.9968,70700,13.5,79.545,830.520
270,Pertalite,1.293,303,1.0057,17800,21.9,20.139,341.098
271,Pertalite,1.293,303,0.9988,8900,18.3,10.013,141.722
272,Pertalite,1.293,299,1.0086,19200,19.7,22.078,336.378
273,Pertalite,1.293,301,1.0057,13900,19.4,15.820,237.366
274,Pertalite,1.293,304,1.0067,52200,20.5,58.942,934.497
275,Pertalite,1.293,303,1.0096,14000,25.3,15.923,311.558
276,Pertalite,1.293,300,0.9968,22500,16.3,25.484,321.256
277,Pertalite,1.293,303,0.9948,47900,16.1,53.609,667.517
278,Pertalite,1.293,302,1.0057,33900,15.3,38.545,456.100
279,Pertalite,1.293,302,1.0057,4800,21.5,5.458,90.750
280,Pertalite,1.293,302,1.0076,21800,14.6,24.819,280.248
281,Pertalite,1.293,303,1.0096,33500,15.0,38.076,441.712
282,Pertalite,1.293,304,1.0067,400,17.7,0.452,6.183
283,Pertalite,1.293,303,0.9948,35500,16.8,39.731,516.225
284,Pertalite,1.293,303,1.0047,55000,13.7,62.166,658.676
285,Pertalite,1.293,299,0.9948,9800,19.7,11.115,169.341
286,Pertalite,1.293,302,0.9968,28600,16.6,32.178,413.115
287,Pertalite,1.293,304,1.0057,17300,17.3,19.541,261.452
288,Pertalite,1.293,301,0.9968,5800,14.9,6.547,75.449
289,Pertalite,1.293,302,0.9968,9800,16.8,11.026,143.262
290,Pertalite,1.293,300,0.9968,13800,24.1,15.630,291.325
291,Pertalite,1.293,302,0.9988,35100,17.6,39.570,538.612
292,Pertalite,1.293,301,0.9958,66800,14.1,75.332,821.490
293,Pertalite,1.293,302,0.9968,25300,22.3,28.465,490.933
294,Pertalite,1.293,302,0.9968,6800,19.6,7.651,115.974
295,Pertalite,1.293,302,1.0067,14600,18.5,16.589,237.356
296,Pertalite,1.293,301,1.0106,9400,16.1,10.755,133.914
297,Pertalite,1.293,303,1.0067,4500,22.8,5.093,89.805
298,Pertalite,1.293,300,0.9909,4500,15.8,5.066,61.910
299,Pertalite,1.293,303,0.9948,4900,18.7,5.484,79.312
300,Pertalite,1.293,303,0.9948,65600,14.5,73.418,823.328
301,Pertalite,1.293,299,0.9938,5500,17.9,6.232,86.269
302,Pertalite,1.293,297,1.0096,11200,18.3,12.987,183.806
303,Pertalite,1.293,302,1.0096,9600,22.6,10.951,191.409
304,Pertalite,1.293,301,1.0106,22000,14.3,25.171,278.375
305,Pertalite,1.293,301,1.0076,200,19.5,0.228,3.439
306,Pertalite,1.293,304,0.9899,67000,21.6,74.368,1242.339
307,Pertalite,1.293,300,0.9968,57200,20.2,64.785,1012.112
308,Pertalite,1.293,300,0.9958,20000,22.2,22.630,388.539
309,Pertalite,1.293,301,1.0076,30400,14.0,34.737,376.114
310,Pertalite,1.293,300,0.9958,6100,15.8,6.902,84.341
311,Pertalite,1.293,302,1.0057,2000,24.7,2.274,43.441
312,Pertalite,1.293,299,1.0086,2400,19.2,2.760,40.980
313,Pertalite,1.293,306,0.9928,2300,18.6,2.544,36.593
314,Pertalite,1.293,301,1.0057,95500,11.4,108.657,958.000
315,Pertalite,1.293,305,0.9948,36400,18.2,40.471,569.663
316,Pertalite,1.293,304,0.9928,80700,12.1,89.842,840.751
317,Pertalite,1.293,297,1.0096,92700,11.5,107.490,956.023
318,Pertalite,1.293,304,0.9919,22300,23.0,24.802,441.173
319,Pertalite,1.293,302,0.9909,66100,12.6,73.928,720.413
320,Pertalite,1.293,305,0.9928,39600,21.3,43.942,723.865
321,Pertalite,1.293,305,0.9938,50500,14.1,56.092,611.681
322,Pertalite,1.293,304,1.0037,70800,12.5,79.787,771.341
323,Pertalite,1.293,303,0.9948,76300,12.3,85.393,812.327
324,Pertalite,1.293,302,0.9948,1900,16.0,2.133,26.400
325,Pertalite,1.293,299,1.0076,20200,14.8,23.190,265.435
326,Pertalite,1.293,303,1.0076,72300,12.2,82.096,774.607
327,Pertalite,1.293,302,1.0096,100000,11.0,114.073,970.455
328,Pertalite,1.293,306,0.9928,81200,11.8,89.808,819.596
329,Pertalite,1.293,306,0.9928,100000,10.8,110.601,923.817
330,Pertalite,1.293,302,0.9948,64400,12.4,72.314,693.496
331,Pertalite,1.293,303,0.9909,52200,15.8,58.189,711.053
332,Pertalite,1.293,304,0.9978,41000,24.3,45.872,862.088
333,Pertalite,1.293,303,0.9938,18400,26.9,20.572,427.997
334,Pertalite,1.293,304,0.9988,44700,14.3,50.061,553.649
335,Pertalite,1.293,302,1.0057,49900,13.1,56.625,573.691
336,Pertalite,1.293,304,1.0057,48700,18.0,55.008,765.774
337,Pertalite,1.293,303,0.9899,34200,13.2,38.086,388.814
338,Pertalite,1.293,303,0.9948,2700,14.4,3.022,33.653
339,Pertalite,1.293,303,1.0076,64700,12.6,73.321,714.493
340,Pertalite,1.293,300,0.9958,13900,14.6,15.728,177.590
341,Pertalite,1.293,302,1.0076,31900,13.7,36.246,384.045
342,Pertalite,1.293,297,1.0096,300,14.7,0.348,3.955
343,Pertalite,1.293,302,1.0067,37700,13.7,42.837,453.877
344,Pertalite,1.293,299,1.0076,300,14.6,0.344,3.889
345,Pertalite,1.293,302,0.9968,9900,13.9,11.139,119.742
346,Pertalite,1.293,301,1.0067,15700,20.7,17.910,286.731
347,Pertalite,1.293,301,1.0057,34100,13.7,38.837,411.495
348,Pertalite,1.293,300,0.9968,67000,11.7,75.885,686.660
349,Pertalite,1.293,301,1.0086,34100,13.5,38.977,406.952
350,Pertalite,1.293,301,1.0057,41100,13.1,46.778,473.930
351,Pertalite,1.293,300,0.9958,10200,14.5,11.541,129.425
352,Pertamax,,303,0.9899,3100,15.7,3.452,41.918
353,Pertamax,,299,0.9968,6600,19.9,7.500,115.432
354,Pertamax,,302,0.9968,90100,11.5,101.373,901.612
355,Pertamax,,305,0.9958,54700,13.3,60.878,626.203
356,Pertamax,,299,0.9938,3800,15.4,4.305,51.279
357,Pertamax,,299,0.9948,71400,12.2,80.978,764.061
358,Pertamax,,303,0.9968,3200,15.8,3.588,43.850
359,Pertamax,,304,0.9978,74200,11.9,83.016,764.034
360,Pertamax,,303,0.9938,2600,18.4,2.907,41.368
361,Pertamax,,304,0.9958,4300,15,4.801,55.701
362,Pertamax,,304,0.9928,62800,12.3,69.914,665.079
363,Pertamax,,304,0.9919,67500,13,75.072,754.786
364,Pertamax,,301,1.0057,70600,12.2,80.407,758.672
365,Pertamax,,301,0.9958,54800,13.2,61.800,630.901
366,Pertamax,,299,0.9948,5500,15.5,6.238,74.776
367,Pertamax,,300,0.9938,65600,13.9,74.078,796.357
368,Pertamax,,301,1.0106,44200,14,50.570,547.547
369,Pertamax,,302,1.0057,5300,14.7,6.020,68.443
370,Pertamax,,301,0.9958,6200,14.7,6.992,79.491
371,Pertamax,,302,1.0057,66700,12.2,75.839,715.574
372,Pertamax,,302,0.9968,54600,12.6,61.431,598.632
373,Pertamax,,302,0.9968,6600,14.9,7.426,85.571
374,Pertamax,,300,0.9958,21900,13.9,24.780,266.385
375,Pertamax,,304,0.9928,47400,22.8,52.770,930.511
376,Pertamax,,302,1.0076,18600,22,21.176,360.304
377,Pertamax,,302,1.0067,3800,23.2,4.318,77.472
378,Pertamax,,303,0.9948,6500,14.7,7.275,82.705
379,Pertamax,,303,0.9958,6900,15,7.730,89.675
380,Pertamax,,300,0.9909,6500,14.7,7.318,83.200
381,Pertamax,,304,0.9938,6200,15.6,6.909,83.360
382,Pertamax,,303,0.9899,76400,12.3,85.081,809.357
383,Pertamax,,302,0.9968,8000,19.8,9.001,137.833
384,Pertamax,,303,1.0076,2400,14.4,2.720,30.290
385,Pertamax,,303,0.9958,44900,17.2,50.301,669.124
386,Pertamax,,302,0.9988,7800,14.6,8.793,99.290
387,Pertamax,,300,0.9978,11500,14.9,13.038,150.243
388,Pertamax,,301,0.9968,3700,16.2,4.177,52.330
389,Pertamax,,302,1.0057,53200,18.7,60.489,874.827
390,Pertamax,,304,1.0057,6900,14.7,7.794,88.607
391,Pertamax,,302,1.0057,8100,15.8,9.210,112.541
392,Pertamax,,300,1.0067,7000,20.3,8.023,125.957
393,Pertamax,,299,1.0076,6400,14.7,7.360,83.670
394,Pertamax,,303,1.0076,13200,14.4,14.949,166.484
395,Pertamax,,305,1.0057,6900,14.8,7.771,88.946
396,Pertamax,,305,1.0057,15500,14.3,17.456,193.055
397,Pertamax,,303,0.9948,14500,14.5,16.228,181.986
398,Pertamax,,303,0.9948,6500,14.7,7.275,82.705
399,Pertamax,,307,0.9919,1100,22.4,1.211,20.987
400,Pertamax,,302,0.9948,6800,14.6,7.636,86.218
401,Pertamax,,304,0.9988,24600,13.7,27.550,291.908
402,Pertamax,,304,1.0037,6600,14.7,7.438,84.560
403,Pertamax,,303,1.0057,7100,14.7,8.044,91.446
404,Pertamax,,302,0.9968,27000,13.7,30.378,321.871
405,Pertamax,,302,0.9968,7100,14.7,7.988,90.818
406,Pertamax,,302,0.9988,25300,15,28.522,330.878
407,Pertamax,,302,1.0076,18700,14.5,21.304,238.908
408,Pertamax,,301,1.0076,89700,11.6,102.497,919.536
409,Pertamax,,302,1.0057,22300,14.3,25.356,280.421
410,Pertamax,,303,1.0057,4900,16.3,5.544,69.887
411,Pertamax,,301,1.0076,5200,18.5,5.928,84.817
412,Pertamax,,300,1.0067,3900,22,4.470,76.053
413,Pertamax,,301,1.0057,6200,14.7,7.057,80.225
414,Pertamax,,304,1.0067,900,16.8,1.016,13.204
415,Pertamax,,303,0.9948,3100,27.4,3.469,73.521
416,Pertamax,,303,0.9948,6300,28.3,7.051,154.322
417,Pertamax,,301,0.9978,4000,14.7,4.520,51.386
418,Pertamax,,305,0.9928,12700,14.7,14.092,160.215
419,Pertamax,,304,0.9919,6400,14.7,7.118,80.923
420,Pertamax,,303,0.9938,7900,14.6,8.833,99.736
421,Pertamax,,302,0.9948,7800,15.1,8.758,102.284
422,Pertamax,,303,0.9958,8400,14.8,9.410,107.714
423,Pertamax,,304,0.9968,6600,15.2,7.377,86.720
424,Pertamax,,303,0.9899,26700,14.4,29.734,331.143
425,Pertamax,,301,1.0057,2000,23,2.276,40.478
426,Pertamax,,300,0.9968,84300,11.7,95.479,863.962
427,Pertamax,,302,0.9968,8700,15.1,9.788,114.312
428,Pertamax,,304,1.0037,100000,10.7,112.694,932.581
429,Pertamax,,304,1.0037,2400,14.2,2.705,29.703
430,Pertamax,,299,0.9948,15400,14.2,17.466,191.813
431,Pertamax,,302,0.9988,2300,17.3,2.593,34.692
432,Pertamax,,299,0.9948,1300,21.2,1.474,24.174
433,Pertamax,,300,0.9968,8500,14.6,9.627,108.706
434,Pertamax,,300,0.9968,55800,12.6,63.200,615.866
435,Pertamax,,301,0.9968,6100,14.9,6.886,79.351
436,Pertamax,,301,0.9968,24400,14.8,27.544,315.274
437,Pertamax,,301,0.9958,14100,14.4,15.901,177.088
438,Pertamax,,301,0.9968,60800,12.9,68.634,684.747
439,Pertamax,,302,0.9968,100,17.3,0.113,1.505
440,Pertamax,,302,0.9968,9700,14.8,10.914,124.920
441,Pertamax,,303,0.9948,20800,14.1,23.279,253.854
442,Pertamax,,302,1.0076,7900,15.6,8.994,108.514
443,Pertamax,,303,1.0057,13100,14.7,14.841,168.724
444,Pertamax,,301,1.0076,48600,13,55.533,558.339
445,Pertamax,,301,1.0086,11200,17.8,12.802,176.235
446,Pertamax,,300,1.0076,19100,14.2,21.861,240.084
447,Pertamax,,300,1.0067,25900,13.8,29.684,316.817
448,Pertamax,,303,1.0076,4300,17.2,4.883,64.950
449,Pertamax,,303,1.0076,13500,14.6,15.289,172.633
450,Pertamax,,303,0.9948,10700,26,11.975,240.801
451,Pertamax,,303,0.9938,13100,14.3,14.647,161.986
452,Pertamax,,302,0.9948,5400,14.7,6.064,68.936
453,Pertamax,,304,1.0047,60500,12.5,68.247,659.774
454,Pertamax,,299,1.0047,9600,14.8,11.011,126.029
455,Pertamax,,302,0.9938,7400,15.7,8.301,100.794
456,Pertamax,,303,1.0076,7100,14.4,8.046,89.607
457,Pertamax,,303,1.0076,51800,12.7,58.702,576.576
458,Pertamax,,300,0.9968,14300,15.1,16.196,189.145
459,Pertamax,,300,0.9968,58300,12.6,66.031,643.458
460,Pertamax,,300,0.9968,14400,14.4,16.310,181.638
461,Pertamax,,304,0.9968,6300,14.7,7.042,80.055
462,Pertamax,,304,0.9968,8600,14.6,9.612,108.538
463,Pertamax,,304,0.9968,7600,14.6,8.495,95.918
464,Pertamax,,301,0.9978,81200,11.9,91.753,844.442
465,Pertamax,,303,0.9958,1300,14.5,1.456,16.332
466,Pertamax,,301,1.0076,26400,13.9,30.166,324.293
467,Pertamax,,302,1.0057,6500,21.7,7.391,124.034
468,Pertamax,,301,1.0086,23600,13.8,26.975,287.903
469,Pertamax,,301,1.0076,31800,13.9,36.252,389.718
470,Pertamax,,302,1.0076,11500,14.8,13.093,149.862
471,Pertamax,,303,1.0096,14900,14.8,16.935,193.843
472,Pertamax,,303,1.0096,8600,15.1,9.775,114.151
473,Pertamax,,303,1.0096,41300,13.3,46.941,482.842
474,Pertamax,,301,1.0106,10900,15.3,12.471,147.567
475,Pertamax,,304,1.0067,3800,14.6,4.285,48.386
476,Pertamax,,305,1.0057,8900,14.9,10.023,115.502
477,Pertamax,,305,0.9958,6300,17.2,7.012,93.271
478,Pertamax,,305,0.9958,6500,15.4,7.234,86.161
479,Pertamax,,305,0.9948,7000,15.2,7.783,91.493
480,Pertamax,,305,0.9928,11500,14.6,12.761,144.090
481,Pertamax,,299,0.9938,50300,21,56.991,925.606
482,Pertamax,,302,0.9938,9900,14.8,11.106,127.117
483,Pertamax,,303,0.9948,8200,14.7,9.177,104.336
484,Pertamax,,303,0.9899,22000,14.1,24.500,267.167
485,Pertamax,,301,1.0057,2800,14.5,3.186,35.726
486,Pertamax,,300,0.9968,17900,14.6,20.274,228.922
487,Pertamax,,300,0.9968,14300,14.6,16.196,182.882
488,Pertamax,,300,0.9968,19600,14,22.199,240.362
489,Pertamax,,304,0.9988,8700,15.2,9.743,114.539
490,Pertamax,,304,0.9988,76800,11.8,86.010,784.936
491,Pertamax,,304,1.0037,6300,14.9,7.100,81.814
492,Pertamax,,300,0.9968,9600,15,10.873,126.137
493,Pertamax,,303,1.0057,44900,13,50.867,511.420
494,Pertamax,,300,0.9968,22800,13.9,25.823,277.607
495,Pertamax,,300,0.9968,7700,14.9,8.721,100.498
496,Pertamax,,299,0.9948,14900,14.2,16.899,185.586
497,Pertamax,,300,0.9958,10100,14.6,11.428,129.040
498,Pertamax,,300,0.9958,6500,15.1,7.355,85.890
499,Pertamax,,305,1.0047,8000,14.7,8.992,102.227
500,Pertamax,,302,1.0086,13600,14.3,15.473,171.125
501,Pertamax,,302,1.0086,23700,14.1,26.964,294.040
502,Pertamax,,301,1.0067,3200,14.6,3.654,41.261
503,Pertamax,,300,0.9978,6600,14.9,7.483,86.227
504,Pertamax,,300,0.9978,42500,13.6,48.184,506.803
505,Pertamax,,301,0.9978,78100,11.9,88.250,812.203
506,Pertamax,,299,0.9968,74100,12.2,84.207,794.527
507,Pertamax,,303,0.9948,10400,15.6,11.639,140.430
508,Pertamax,,303,0.9948,1000,17.6,1.119,15.234
509,Pertamax,,301,1.0086,13100,14.5,14.974,167.917
510,Pertamax,,302,1.0076,6900,16,7.856,97.208
511,Pertamax,,302,1.0057,10200,14.9,11.598,133.646
512,Pertamax,,302,1.0057,22800,13.9,25.924,278.688
513,Pertamax,,301,1.0057,4100,22.4,4.666,80.841
514,Pertamax,,303,1.0076,2900,14.4,3.293,36.673
515,Pertamax,,304,1.0067,5200,18.7,5.872,84.918
516,Pertamax,,303,1.0096,3600,21.3,4.094,67.448
517,Pertamax,,303,1.0096,38800,13.4,44.129,457.326
518,Pertamax,,305,1.0057,7400,14.6,8.328,94.040
519,Pertamax,,302,0.9988,18200,14.1,20.518,223.742
520,Pertamax,,302,0.9988,2900,14.8,3.269,37.421
521,Pertamax,,302,0.9968,8500,14.5,9.563,107.247
522,Pertamax,,303,0.9958,2300,14.6,2.577,29.095
523,Pertamax,,305,1.0047,9400,14.6,10.565,119.300
524,Pertamax,,299,0.9938,4500,17.9,5.099,70.584
525,Pertamax,,301,0.9968,800,14.8,0.903,10.337
526,Pertamax,,301,0.9988,29200,13.8,33.028,352.499
527,Pertamax,,302,1.0076,600,15.3,0.683,8.083
528,Pertamax,,303,1.0057,40600,13.3,45.995,473.114
529,Pertamax,,301,1.0086,6900,14.8,7.887,90.275
530,Pertamax,,303,1.0057,4900,16.8,5.544,72.031
531,Pertamax,,299,1.0086,9300,14.8,10.694,122.407
532,Pertamax,,301,1.0106,6900,15.9,7.894,97.077
533,Pertamax,,305,1.0057,14700,14.2,16.544,181.691
534,Pertamax,,303,1.0076,80100,10.1,90.772,709.050
535,Pertamax,,300,0.9938,3600,18.6,4.065,58.480
536,Pertamax,,302,0.9968,34200,18,38.479,535.668
537,Pertamax,,299,1.0076,46900,20.9,53.931,871.746
538,Pertamax,,305,1.0057,13100,15.3,14.753,174.573
539,Pertamax,,301,1.0076,3300,20.1,3.771,58.618
540,Pertamax,,304,1.0057,6600,23.1,7.455,133.185
541,Pertamax,,304,0.9919,80100,10.4,89.086,716.543
542,Pertamax,,300,0.9968,11800,28.7,13.365,296.651
543,Pertamax,,301,1.0057,5000,25.9,5.695,114.067
544,Pertamax,,301,1.0057,2700,23.2,3.072,55.120
545,Pertamax,,301,1.0076,59500,16,67.830,839.355
546,Pertamax,,300,0.9958,22800,18.1,25.798,361.131
547,Pertamax,,302,0.9968,37700,13.6,42.417,446.146
548,Pertamax,,303,1.0057,43300,14.8,48.941,560.189
549,Pertamax,,306,0.9928,46100,15.4,50.987,607.273
550,Pertamax,,299,0.9938,35000,21.2,39.656,650.194
551,Pertamax,,304,0.9988,37800,23.1,42.333,756.301
552,Pertamax,,301,1.0076,49000,13.7,55.860,591.869
553,Pertamax,,301,1.0067,63000,19.1,71.965,1063.05
554,Pertamax,,302,1.0076,25600,19,29.088,427.429
555,Pertamax,,299,1.0076,63100,13.1,72.560,735.142
556,Pertamax,,299,1.0076,66700,14.2,76.700,842.335
557,Pertamax,,304,0.9968,79800,11.4,89.194,786.393
558,Pertamax,,304,1.0037,47900,16.4,53.981,684.672
559,Pertamax,,303,1.0076,9300,18.9,10.539,154.052
560,Pertamax,,302,1.0057,45000,16.2,51.166,641.057
561,Pertamax,,299,0.9938,25000,18.3,28.325,400.894
562,Pertamax,,302,1.0076,33100,17.9,37.622,520.829
563,Pertamax,,302,0.9968,48300,15.1,54.343,634.631
564,Pertamax,,302,0.9968,19200,15.8,21.602,263.970
565,Pertamax,,301,1.0076,7500,23.5,8.570,155.757
566,Pertamax,,301,1.0106,52500,16,60.066,743.277
567,Pertamax,,303,0.9958,5400,17.7,6.050,82.813
568,Pertamax,,303,1.0067,10500,20.5,11.883,188.407
569,Pertamax,,301,1.0106,7300,21.4,8.352,138.232
570,Pertamax,,303,1.0076,27300,19.3,30.917,461.484
571,Pertamax,,304,0.9899,22800,15,25.307,293.587
572,Pertamax,,301,1.0057,34400,16.4,39.139,496.432
573,Pertamax,,304,0.9968,31800,18.6,35.543,511.295
574,Pertamax,,304,0.9968,16700,19,18.666,274.285
575,Pertamax,,301,1.0057,67800,13.1,77.218,782.331
576,Pertamax,,304,0.9919,95300,11.4,105.991,934.489
577,Pertamax,,302,1.0057,25100,19.6,28.539,432.612
578,Pertamax,,302,1.0067,49400,15.8,56.131,685.899
579,Pertamax,,303,1.0076,32200,17.5,36.466,493.550
580,Pertamax,,301,1.0067,3200,26.8,3.654,75.739
581,Pertamax,,303,0.9948,71100,13.1,79.574,806.199
582,Pertamax,,302,0.9968,5400,24.8,6.076,116.531
583,Pertamax,,302,0.9938,3300,15.9,3.702,45.521
584,Pertamax,,303,1.0057,10800,28.9,12.219,273.109
585,Pertamax,,303,0.9919,61200,12.7,68.290,670.752
586,Pertamax,,301,1.0057,8700,19.1,9.899,146.221
587,Pertamax,,303,1.0076,6600,15.5,7.494,89.838
588,Pertamax,,305,0.9948,6500,25.4,7.227,141.969
589,Pertamax,,305,0.9948,4600,22.3,5.114,88.208
590,Pertamax,,301,0.9958,32500,18.8,36.651,532.903
591,Pertamax,,303,0.9909,19600,14.3,21.849,241.639
592,Pertamax,,305,1.0057,6300,15.1,7.095,82.857
593,Pertamax,,301,1.0067,700,18.1,0.799,11.190
594,Pertamax,,299,1.0047,5100,14.9,5.849,67.405
595,Pertamax,,299,1.0047,6800,15.1,7.799,91.080
596,Pertamax,,304,0.9948,19800,24.3,22.087,415.090
597,Pertamax,,304,0.9938,4300,15,4.792,55.590
598,Pertamax,,301,0.9988,4200,25.2,4.751,92.586
599,Pertamax,,302,1.0076,200,18.1,0.228,3.187
600,Pertamax,,300,1.0076,37300,20.9,42.692,690.075
601,Pertamax,,303,0.9909,17200,21.1,19.174,312.885
602,Pertamax,,303,1.0057,53400,15.9,60.496,743.921
603,Pertamax,,302,0.9988,10100,22.1,11.386,194.612
604,Pertamax,,305,0.9948,2300,17.3,2.557,34.215
605,Pertamax,,302,0.9938,6200,14.7,6.955,79.070
606,Pertamax,,303,0.9958,5400,18.4,6.050,86.088
607,Pertamax,,301,1.0086,4200,25.9,4.801,96.162
608,Pertamax,,303,1.0047,22400,15,25.318,293.716
609,Pertamax,,303,1.0076,12100,16.2,13.703,171.687
610,Pertamax,,303,0.9938,28500,23.1,31.865,569.281
611,Pertamax,,299,0.9948,200,14.5,0.227,2.544
612,Pertamax,,303,1.0096,54800,21.3,62.326,1026.72
613,Pertamax,,301,0.9978,70500,15.2,79.663,936.482
614,Pertamax,,303,1.0096,88900,11.6,101.042,906.489
615,Pertamax,,303,1.0096,1600,23,1.819,32.348
616,Pertamax,,302,1.0076,16300,16.1,18.557,231.071
617,Pertamax,,303,0.9899,75600,12.4,84.190,807.393
618,Pertamax,,303,1.0047,83100,11.7,94.020,850.757
619,Pertamax,,302,0.9938,2400,15.3,2.692,31.857
620,Pertamax,,304,0.9919,61800,13.6,68.733,722.943
621,Pertamax,,303,0.9938,55300,13.7,61.829,655.113
622,Pertamax,,303,0.9948,46600,18.7,52.154,754.273
623,Pertamax,,305,0.9948,76100,12.2,84.611,798.344
624,Pertamax,,302,1.0057,70700,12.2,80.307,757.734
625,Pertamax,,302,0.9919,68200,12.5,76.353,738.136
626,Pertamax,,304,0.9899,61300,12.7,68.041,668.306
627,Pertamax,,304,0.9968,77900,12.1,87.070,814.807
628,Pertamax,,304,0.9968,85800,11.8,95.900,875.188
629,Pertamax,,305,1.0057,33300,13.5,37.502,391.554
630,Pertamax,,305,0.9948,13500,26.7,15.010,309.949
631,Pertamax,,305,0.9948,33300,17.6,37.024,503.967
632,Pertamax,,305,0.9928,50500,14.3,56.037,619.741
633,Pertamax,,304,0.9919,66800,13,74.294,746.958
634,Pertamax,,302,1.0057,72700,12.2,82.661,779.944
635,Pertamax,,300,1.0057,69900,13.6,79.875,840.137
636,Pertamax,,301,1.0076,68600,12.5,78.386,757.796
637,Pertamax,,302,1.0076,66000,13,74.992,753.976
638,Pertamax,,304,0.9928,33500,25.9,37.295,747.056
639,Pertamax,,303,0.9968,3800,17.8,4.261,58.663
640,Pertamax,,303,0.9968,7500,15.4,8.411,100.171
641,Pertamax,,304,0.9938,36500,19.6,40.675,616.579
642,Pertamax,,302,1.0057,13800,20.8,15.691,252.413
643,Pertamax,,302,0.9948,52600,16.8,59.064,767.417
644,Pertamax,,302,1.0096,8400,14.1,9.582,104.492
645,Pertamax,,304,1.0067,68100,12.2,77.022,726.733
646,Pertamax,,303,1.0057,3200,14.5,3.617,40.561
647,Pertamax,,304,0.9928,13100,26.6,14.584,300.028
648,Pertamax,,302,0.9909,45400,19.2,50.777,753.992
649,Pertamax,,303,0.9938,9900,15.5,11.069,132.690
650,Pertamax,,302,0.9938,41000,17.5,45.993,622.482
651,Pertamax,,305,0.9909,21100,16.8,23.367,303.606
652,Pertamax,,301,1.0057,14800,13.8,16.839,179.721
653,Pertamax,,302,0.9968,18000,13.8,20.252,216.147
654,Pertamax,,304,0.9928,4500,14.5,5.010,56.181
655,Pertamax,,301,1.0076,17300,13.7,19.768,209.452
656,Pertamax,,301,1.0076,28300,13.5,32.262,336.844
657,Pertamax,,305,0.9928,46000,13.4,51.043,528.988
658,Pertamax,,302,1.0076,1700,17,1.937,25.464
659,Pertamax,,302,0.9958,1000,14.5,1.124,12.605